<?xml version='1.0' encoding='UTF-8' ?>
<timeLogEntries>
  <time id="1" path="/Proyecto/minecraft-features/Planning" start="@1567962855653" delta="174" />
  <time id="2" path="/Proyecto/minecraft-features/Planning" start="@1567969710985" delta="154" />
  <time id="3" path="/Proyecto/minecraft-features/Planning" start="@1567975697510" delta="348" />
  <time id="4" path="/Proyecto/minecraft-features/Planning" start="@1568001458400" delta="166" />
  <time id="1" path="/Proyecto/minecraft-features/Planning" start="@1567962855653" delta="87" />
  <time id="2" path="/Proyecto/minecraft-features/Planning" start="@1567969710985" delta="77" />
  <time id="3" path="/Proyecto/minecraft-features/Planning" start="@1567975697510" delta="174" />
  <time id="4" path="/Proyecto/minecraft-features/Planning" start="@1568001458400" delta="83" />
</timeLogEntries>
